{
  "title": "G-Shopper",
  "description": "Double click furniture on room to see marketplace avarage for it. !average to toggle ON/OFF",
  "authors": [
    {
      "name": "rocawear",
      "hotel": ".fi",
      "username": "rocawear"
    }
  ],
  "version": "0.2",
  "categories": ["Usability", "G-Earth Utilities"],

  "source": "https://github.com/rocawear-public/habbo-average",
  "releases": "https://github.com/rocawear-public/habbo-average/releases/",

  "stable": true,

  "framework": {
    "name": "G-Node",
    "version": "0.2.4"
  },

  "language": "Node.js",
  "commands": {
    "default": [
      "java",
      "-jar",
      "NodeExtensionSetup.jar",
      "-npm",
      "start",
      "-v",
      "15.0.0",
      "-c",
      "{cookie}",
      "-p",
      "{port}",
      "-f",
      "{filename}"
    ]
  },

  "compatibility": {
    "systems": ["Linux", "Windows", "Mac"],
    "clients": ["Flash"]
  },

  "submissionDate": "12-04-2022 16:00:00",
  "updateDate": "12-04-2022 18:00:00",

  "isOutdated": false
}
